Rat_ID,Group,Intervention,Recording_Time_Point,Phase,Zeitgeber_Time,Sleep
1,VC,NPR,BL,LIGHT,1,2520
1,VC,NPR,BL,LIGHT,2,3180
1,VC,NPR,BL,LIGHT,3,3080
1,VC,NPR,BL,LIGHT,4,3080
1,VC,NPR,BL,LIGHT,5,2930
1,VC,NPR,BL,LIGHT,6,630
1,VC,NPR,BL,LIGHT,7,1290
1,VC,NPR,BL,LIGHT,8,2950
1,VC,NPR,BL,LIGHT,9,3020
1,VC,NPR,BL,LIGHT,10,2990
1,VC,NPR,BL,LIGHT,11,2240
1,VC,NPR,BL,LIGHT,12,2830
1,VC,NPR,BL,DARK,13,1850
1,VC,NPR,BL,DARK,14,1950
1,VC,NPR,BL,DARK,15,1750
1,VC,NPR,BL,DARK,16,1080
1,VC,NPR,BL,DARK,17,540
1,VC,NPR,BL,DARK,18,960
1,VC,NPR,BL,DARK,19,1580
1,VC,NPR,BL,DARK,20,2370
1,VC,NPR,BL,DARK,21,1330
1,VC,NPR,BL,DARK,22,180
1,VC,NPR,BL,DARK,23,1340
1,VC,NPR,BL,DARK,24,2690
2,VC,NPR,BL,LIGHT,1,3050
2,VC,NPR,BL,LIGHT,2,3130
2,VC,NPR,BL,LIGHT,3,2540
2,VC,NPR,BL,LIGHT,4,3320
2,VC,NPR,BL,LIGHT,5,990
2,VC,NPR,BL,LIGHT,6,3120
2,VC,NPR,BL,LIGHT,7,3190
2,VC,NPR,BL,LIGHT,8,3190
2,VC,NPR,BL,LIGHT,9,3120
2,VC,NPR,BL,LIGHT,10,3080
2,VC,NPR,BL,LIGHT,11,1640
2,VC,NPR,BL,LIGHT,12,3030
2,VC,NPR,BL,DARK,13,1560
2,VC,NPR,BL,DARK,14,2130
2,VC,NPR,BL,DARK,15,1720
2,VC,NPR,BL,DARK,16,800
2,VC,NPR,BL,DARK,17,2040
2,VC,NPR,BL,DARK,18,770
2,VC,NPR,BL,DARK,19,990
2,VC,NPR,BL,DARK,20,1940
2,VC,NPR,BL,DARK,21,1500
2,VC,NPR,BL,DARK,22,1210
2,VC,NPR,BL,DARK,23,1650
2,VC,NPR,BL,DARK,24,1240
3,VC,NPR,BL,LIGHT,1,2300
3,VC,NPR,BL,LIGHT,2,2340
3,VC,NPR,BL,LIGHT,3,1220
3,VC,NPR,BL,LIGHT,4,1890
3,VC,NPR,BL,LIGHT,5,1160
3,VC,NPR,BL,LIGHT,6,1480
3,VC,NPR,BL,LIGHT,7,850
3,VC,NPR,BL,LIGHT,8,2490
3,VC,NPR,BL,LIGHT,9,520
3,VC,NPR,BL,LIGHT,10,1400
3,VC,NPR,BL,LIGHT,11,2470
3,VC,NPR,BL,LIGHT,12,2360
3,VC,NPR,BL,DARK,13,2290
3,VC,NPR,BL,DARK,14,2710
3,VC,NPR,BL,DARK,15,1630
3,VC,NPR,BL,DARK,16,2430
3,VC,NPR,BL,DARK,17,1690
3,VC,NPR,BL,DARK,18,2820
3,VC,NPR,BL,DARK,19,2000
3,VC,NPR,BL,DARK,20,2100
3,VC,NPR,BL,DARK,21,2450
3,VC,NPR,BL,DARK,22,2540
3,VC,NPR,BL,DARK,23,1090
3,VC,NPR,BL,DARK,24,2370
4,VC,NPR,BL,LIGHT,1,2640
4,VC,NPR,BL,LIGHT,2,3240
4,VC,NPR,BL,LIGHT,3,3180
4,VC,NPR,BL,LIGHT,4,1410
4,VC,NPR,BL,LIGHT,5,2990
4,VC,NPR,BL,LIGHT,6,3080
4,VC,NPR,BL,LIGHT,7,2260
4,VC,NPR,BL,LIGHT,8,2980
4,VC,NPR,BL,LIGHT,9,3210
4,VC,NPR,BL,LIGHT,10,2960
4,VC,NPR,BL,LIGHT,11,1690
4,VC,NPR,BL,LIGHT,12,2920
4,VC,NPR,BL,DARK,13,740
4,VC,NPR,BL,DARK,14,1390
4,VC,NPR,BL,DARK,15,1290
4,VC,NPR,BL,DARK,16,1280
4,VC,NPR,BL,DARK,17,1450
4,VC,NPR,BL,DARK,18,1160
4,VC,NPR,BL,DARK,19,1370
4,VC,NPR,BL,DARK,20,2450
4,VC,NPR,BL,DARK,21,2700
4,VC,NPR,BL,DARK,22,1000
4,VC,NPR,BL,DARK,23,860
4,VC,NPR,BL,DARK,24,2150
5,VC,NPR,BL,LIGHT,1,3360
5,VC,NPR,BL,LIGHT,2,3360
5,VC,NPR,BL,LIGHT,3,3130
5,VC,NPR,BL,LIGHT,4,3120
5,VC,NPR,BL,LIGHT,5,3200
5,VC,NPR,BL,LIGHT,6,3390
5,VC,NPR,BL,LIGHT,7,2210
5,VC,NPR,BL,LIGHT,8,3330
5,VC,NPR,BL,LIGHT,9,3420
5,VC,NPR,BL,LIGHT,10,1860
5,VC,NPR,BL,LIGHT,11,3310
5,VC,NPR,BL,LIGHT,12,3230
5,VC,NPR,BL,DARK,13,730
5,VC,NPR,BL,DARK,14,1570
5,VC,NPR,BL,DARK,15,2650
5,VC,NPR,BL,DARK,16,1440
5,VC,NPR,BL,DARK,17,790
5,VC,NPR,BL,DARK,18,540
5,VC,NPR,BL,DARK,19,810
5,VC,NPR,BL,DARK,20,1040
5,VC,NPR,BL,DARK,21,720
5,VC,NPR,BL,DARK,22,0
5,VC,NPR,BL,DARK,23,980
5,VC,NPR,BL,DARK,24,1480
6,VC,NPR,BL,LIGHT,1,2350
6,VC,NPR,BL,LIGHT,2,3190
6,VC,NPR,BL,LIGHT,3,2690
6,VC,NPR,BL,LIGHT,4,3160
6,VC,NPR,BL,LIGHT,5,2990
6,VC,NPR,BL,LIGHT,6,2820
6,VC,NPR,BL,LIGHT,7,3430
6,VC,NPR,BL,LIGHT,8,3110
6,VC,NPR,BL,LIGHT,9,2480
6,VC,NPR,BL,LIGHT,10,3180
6,VC,NPR,BL,LIGHT,11,3100
6,VC,NPR,BL,LIGHT,12,1630
6,VC,NPR,BL,DARK,13,1080
6,VC,NPR,BL,DARK,14,1650
6,VC,NPR,BL,DARK,15,1290
6,VC,NPR,BL,DARK,16,730
6,VC,NPR,BL,DARK,17,2370
6,VC,NPR,BL,DARK,18,1270
6,VC,NPR,BL,DARK,19,2410
6,VC,NPR,BL,DARK,20,2090
6,VC,NPR,BL,DARK,21,760
6,VC,NPR,BL,DARK,22,1800
6,VC,NPR,BL,DARK,23,1340
6,VC,NPR,BL,DARK,24,3040
7,VC,NPR,BL,LIGHT,1,2870
7,VC,NPR,BL,LIGHT,2,3260
7,VC,NPR,BL,LIGHT,3,3130
7,VC,NPR,BL,LIGHT,4,3020
7,VC,NPR,BL,LIGHT,5,2960
7,VC,NPR,BL,LIGHT,6,3320
7,VC,NPR,BL,LIGHT,7,2780
7,VC,NPR,BL,LIGHT,8,2210
7,VC,NPR,BL,LIGHT,9,3060
7,VC,NPR,BL,LIGHT,10,2390
7,VC,NPR,BL,LIGHT,11,3300
7,VC,NPR,BL,LIGHT,12,1880
7,VC,NPR,BL,DARK,13,390
7,VC,NPR,BL,DARK,14,1780
7,VC,NPR,BL,DARK,15,1320
7,VC,NPR,BL,DARK,16,1470
7,VC,NPR,BL,DARK,17,1740
7,VC,NPR,BL,DARK,18,1630
7,VC,NPR,BL,DARK,19,1270
7,VC,NPR,BL,DARK,20,2550
7,VC,NPR,BL,DARK,21,2340
7,VC,NPR,BL,DARK,22,1740
7,VC,NPR,BL,DARK,23,1150
7,VC,NPR,BL,DARK,24,2080
8,VC,NPR,BL,LIGHT,1,3210
8,VC,NPR,BL,LIGHT,2,3410
8,VC,NPR,BL,LIGHT,3,2990
8,VC,NPR,BL,LIGHT,4,1740
8,VC,NPR,BL,LIGHT,5,3370
8,VC,NPR,BL,LIGHT,6,3210
8,VC,NPR,BL,LIGHT,7,3320
8,VC,NPR,BL,LIGHT,8,3180
8,VC,NPR,BL,LIGHT,9,3110
8,VC,NPR,BL,LIGHT,10,2170
8,VC,NPR,BL,LIGHT,11,3350
8,VC,NPR,BL,LIGHT,12,1890
8,VC,NPR,BL,DARK,13,1160
8,VC,NPR,BL,DARK,14,1740
8,VC,NPR,BL,DARK,15,1530
8,VC,NPR,BL,DARK,16,1450
8,VC,NPR,BL,DARK,17,830
8,VC,NPR,BL,DARK,18,1020
8,VC,NPR,BL,DARK,19,2460
8,VC,NPR,BL,DARK,20,2020
8,VC,NPR,BL,DARK,21,1350
8,VC,NPR,BL,DARK,22,580
8,VC,NPR,BL,DARK,23,1590
8,VC,NPR,BL,DARK,24,1600
9,VC,NPR,BL,LIGHT,1,2770
9,VC,NPR,BL,LIGHT,2,2550
9,VC,NPR,BL,LIGHT,3,2750
9,VC,NPR,BL,LIGHT,4,3150
9,VC,NPR,BL,LIGHT,5,3000
9,VC,NPR,BL,LIGHT,6,3090
9,VC,NPR,BL,LIGHT,7,2360
9,VC,NPR,BL,LIGHT,8,3140
9,VC,NPR,BL,LIGHT,9,3020
9,VC,NPR,BL,LIGHT,10,2790
9,VC,NPR,BL,LIGHT,11,2800
9,VC,NPR,BL,LIGHT,12,2750
9,VC,NPR,BL,DARK,13,1710
9,VC,NPR,BL,DARK,14,1700
9,VC,NPR,BL,DARK,15,1780
9,VC,NPR,BL,DARK,16,1170
9,VC,NPR,BL,DARK,17,1570
9,VC,NPR,BL,DARK,18,1780
9,VC,NPR,BL,DARK,19,1410
9,VC,NPR,BL,DARK,20,1400
9,VC,NPR,BL,DARK,21,1550
9,VC,NPR,BL,DARK,22,1050
9,VC,NPR,BL,DARK,23,1270
9,VC,NPR,BL,DARK,24,1470
10,VC,NPR,BL,LIGHT,1,2810
10,VC,NPR,BL,LIGHT,2,3010
10,VC,NPR,BL,LIGHT,3,3240
10,VC,NPR,BL,LIGHT,4,1330
10,VC,NPR,BL,LIGHT,5,3080
10,VC,NPR,BL,LIGHT,6,2920
10,VC,NPR,BL,LIGHT,7,2850
10,VC,NPR,BL,LIGHT,8,1960
10,VC,NPR,BL,LIGHT,9,2960
10,VC,NPR,BL,LIGHT,10,2620
10,VC,NPR,BL,LIGHT,11,2430
10,VC,NPR,BL,LIGHT,12,1840
10,VC,NPR,BL,DARK,13,1090
10,VC,NPR,BL,DARK,14,2530
10,VC,NPR,BL,DARK,15,1350
10,VC,NPR,BL,DARK,16,1360
10,VC,NPR,BL,DARK,17,20
10,VC,NPR,BL,DARK,18,420
10,VC,NPR,BL,DARK,19,2510
10,VC,NPR,BL,DARK,20,850
10,VC,NPR,BL,DARK,21,2240
10,VC,NPR,BL,DARK,22,850
10,VC,NPR,BL,DARK,23,790
10,VC,NPR,BL,DARK,24,1690
11,VC,NPR,BL,LIGHT,1,2740
11,VC,NPR,BL,LIGHT,2,3040
11,VC,NPR,BL,LIGHT,3,2900
11,VC,NPR,BL,LIGHT,4,2160
11,VC,NPR,BL,LIGHT,5,3090
11,VC,NPR,BL,LIGHT,6,1510
11,VC,NPR,BL,LIGHT,7,2840
11,VC,NPR,BL,LIGHT,8,3300
11,VC,NPR,BL,LIGHT,9,3250
11,VC,NPR,BL,LIGHT,10,2730
11,VC,NPR,BL,LIGHT,11,2860
11,VC,NPR,BL,LIGHT,12,3220
11,VC,NPR,BL,DARK,13,1850
11,VC,NPR,BL,DARK,14,2980
11,VC,NPR,BL,DARK,15,1430
11,VC,NPR,BL,DARK,16,1890
11,VC,NPR,BL,DARK,17,420
11,VC,NPR,BL,DARK,18,30
11,VC,NPR,BL,DARK,19,870
11,VC,NPR,BL,DARK,20,1690
11,VC,NPR,BL,DARK,21,2580
11,VC,NPR,BL,DARK,22,0
11,VC,NPR,BL,DARK,23,0
11,VC,NPR,BL,DARK,24,120
12,VC,NPR,BL,LIGHT,1,2100
12,VC,NPR,BL,LIGHT,2,2990
12,VC,NPR,BL,LIGHT,3,3100
12,VC,NPR,BL,LIGHT,4,1970
12,VC,NPR,BL,LIGHT,5,3250
12,VC,NPR,BL,LIGHT,6,3270
12,VC,NPR,BL,LIGHT,7,2850
12,VC,NPR,BL,LIGHT,8,1920
12,VC,NPR,BL,LIGHT,9,3200
12,VC,NPR,BL,LIGHT,10,3300
12,VC,NPR,BL,LIGHT,11,2480
12,VC,NPR,BL,LIGHT,12,3260
12,VC,NPR,BL,DARK,13,860
12,VC,NPR,BL,DARK,14,1540
12,VC,NPR,BL,DARK,15,1020
12,VC,NPR,BL,DARK,16,520
12,VC,NPR,BL,DARK,17,460
12,VC,NPR,BL,DARK,18,410
12,VC,NPR,BL,DARK,19,540
12,VC,NPR,BL,DARK,20,260
12,VC,NPR,BL,DARK,21,750
12,VC,NPR,BL,DARK,22,700
12,VC,NPR,BL,DARK,23,1050
12,VC,NPR,BL,DARK,24,1690
13,VC,NPR,BL,LIGHT,1,3420
13,VC,NPR,BL,LIGHT,2,3410
13,VC,NPR,BL,LIGHT,3,2210
13,VC,NPR,BL,LIGHT,4,3160
13,VC,NPR,BL,LIGHT,5,3160
13,VC,NPR,BL,LIGHT,6,3320
13,VC,NPR,BL,LIGHT,7,3170
13,VC,NPR,BL,LIGHT,8,3050
13,VC,NPR,BL,LIGHT,9,3430
13,VC,NPR,BL,LIGHT,10,3090
13,VC,NPR,BL,LIGHT,11,2690
13,VC,NPR,BL,LIGHT,12,680
13,VC,NPR,BL,DARK,13,1420
13,VC,NPR,BL,DARK,14,2120
13,VC,NPR,BL,DARK,15,1380
13,VC,NPR,BL,DARK,16,890
13,VC,NPR,BL,DARK,17,1500
13,VC,NPR,BL,DARK,18,870
13,VC,NPR,BL,DARK,19,1280
13,VC,NPR,BL,DARK,20,1810
13,VC,NPR,BL,DARK,21,1590
13,VC,NPR,BL,DARK,22,1500
13,VC,NPR,BL,DARK,23,280
13,VC,NPR,BL,DARK,24,2760
14,VC,NPR,BL,LIGHT,1,3360
14,VC,NPR,BL,LIGHT,2,3360
14,VC,NPR,BL,LIGHT,3,3130
14,VC,NPR,BL,LIGHT,4,3120
14,VC,NPR,BL,LIGHT,5,3200
14,VC,NPR,BL,LIGHT,6,3390
14,VC,NPR,BL,LIGHT,7,2210
14,VC,NPR,BL,LIGHT,8,3330
14,VC,NPR,BL,LIGHT,9,3420
14,VC,NPR,BL,LIGHT,10,1860
14,VC,NPR,BL,LIGHT,11,3310
14,VC,NPR,BL,LIGHT,12,3230
14,VC,NPR,BL,DARK,13,740
14,VC,NPR,BL,DARK,14,1720
14,VC,NPR,BL,DARK,15,2810
14,VC,NPR,BL,DARK,16,1470
14,VC,NPR,BL,DARK,17,990
14,VC,NPR,BL,DARK,18,860
14,VC,NPR,BL,DARK,19,1090
14,VC,NPR,BL,DARK,20,1310
14,VC,NPR,BL,DARK,21,1800
14,VC,NPR,BL,DARK,22,420
14,VC,NPR,BL,DARK,23,1170
14,VC,NPR,BL,DARK,24,1630
15,VC,NPR,BL,LIGHT,1,2870
15,VC,NPR,BL,LIGHT,2,3250
15,VC,NPR,BL,LIGHT,3,3130
15,VC,NPR,BL,LIGHT,4,3020
15,VC,NPR,BL,LIGHT,5,2960
15,VC,NPR,BL,LIGHT,6,3320
15,VC,NPR,BL,LIGHT,7,2780
15,VC,NPR,BL,LIGHT,8,2210
15,VC,NPR,BL,LIGHT,9,3060
15,VC,NPR,BL,LIGHT,10,2390
15,VC,NPR,BL,LIGHT,11,3300
15,VC,NPR,BL,LIGHT,12,1880
15,VC,NPR,BL,DARK,13,370
15,VC,NPR,BL,DARK,14,1640
15,VC,NPR,BL,DARK,15,1100
15,VC,NPR,BL,DARK,16,860
15,VC,NPR,BL,DARK,17,190
15,VC,NPR,BL,DARK,18,1310
15,VC,NPR,BL,DARK,19,1140
15,VC,NPR,BL,DARK,20,1780
15,VC,NPR,BL,DARK,21,1770
15,VC,NPR,BL,DARK,22,1220
15,VC,NPR,BL,DARK,23,930
15,VC,NPR,BL,DARK,24,1790
16,VC,NPR,BL,LIGHT,1,3210
16,VC,NPR,BL,LIGHT,2,3410
16,VC,NPR,BL,LIGHT,3,2990
16,VC,NPR,BL,LIGHT,4,1740
16,VC,NPR,BL,LIGHT,5,3370
16,VC,NPR,BL,LIGHT,6,3210
16,VC,NPR,BL,LIGHT,7,3320
16,VC,NPR,BL,LIGHT,8,3180
16,VC,NPR,BL,LIGHT,9,3110
16,VC,NPR,BL,LIGHT,10,2170
16,VC,NPR,BL,LIGHT,11,3350
16,VC,NPR,BL,LIGHT,12,1890
16,VC,NPR,BL,DARK,13,1160
16,VC,NPR,BL,DARK,14,1670
16,VC,NPR,BL,DARK,15,1520
16,VC,NPR,BL,DARK,16,1420
16,VC,NPR,BL,DARK,17,820
16,VC,NPR,BL,DARK,18,380
16,VC,NPR,BL,DARK,19,1690
16,VC,NPR,BL,DARK,20,1550
16,VC,NPR,BL,DARK,21,660
16,VC,NPR,BL,DARK,22,400
16,VC,NPR,BL,DARK,23,1530
16,VC,NPR,BL,DARK,24,1490
17,VSL,NPR,BL,LIGHT,1,3290
17,VSL,NPR,BL,LIGHT,2,2630
17,VSL,NPR,BL,LIGHT,3,3110
17,VSL,NPR,BL,LIGHT,4,3440
17,VSL,NPR,BL,LIGHT,5,3400
17,VSL,NPR,BL,LIGHT,6,3430
17,VSL,NPR,BL,LIGHT,7,2350
17,VSL,NPR,BL,LIGHT,8,3450
17,VSL,NPR,BL,LIGHT,9,3070
17,VSL,NPR,BL,LIGHT,10,3350
17,VSL,NPR,BL,LIGHT,11,3410
17,VSL,NPR,BL,LIGHT,12,2760
17,VSL,NPR,BL,DARK,13,1310
17,VSL,NPR,BL,DARK,14,1650
17,VSL,NPR,BL,DARK,15,1470
17,VSL,NPR,BL,DARK,16,1500
17,VSL,NPR,BL,DARK,17,1890
17,VSL,NPR,BL,DARK,18,1190
17,VSL,NPR,BL,DARK,19,1700
17,VSL,NPR,BL,DARK,20,1500
17,VSL,NPR,BL,DARK,21,2540
17,VSL,NPR,BL,DARK,22,1590
17,VSL,NPR,BL,DARK,23,2080
17,VSL,NPR,BL,DARK,24,2210
18,VSL,NPR,BL,LIGHT,1,2680
18,VSL,NPR,BL,LIGHT,2,2930
18,VSL,NPR,BL,LIGHT,3,2650
18,VSL,NPR,BL,LIGHT,4,2630
18,VSL,NPR,BL,LIGHT,5,3430
18,VSL,NPR,BL,LIGHT,6,3110
18,VSL,NPR,BL,LIGHT,7,2100
18,VSL,NPR,BL,LIGHT,8,3350
18,VSL,NPR,BL,LIGHT,9,3240
18,VSL,NPR,BL,LIGHT,10,3020
18,VSL,NPR,BL,LIGHT,11,3060
18,VSL,NPR,BL,LIGHT,12,3240
18,VSL,NPR,BL,DARK,13,2160
18,VSL,NPR,BL,DARK,14,2860
18,VSL,NPR,BL,DARK,15,2440
18,VSL,NPR,BL,DARK,16,1650
18,VSL,NPR,BL,DARK,17,900
18,VSL,NPR,BL,DARK,18,2340
18,VSL,NPR,BL,DARK,19,2630
18,VSL,NPR,BL,DARK,20,880
18,VSL,NPR,BL,DARK,21,1220
18,VSL,NPR,BL,DARK,22,1970
18,VSL,NPR,BL,DARK,23,1340
18,VSL,NPR,BL,DARK,24,370
19,VSL,NPR,BL,LIGHT,1,3310
19,VSL,NPR,BL,LIGHT,2,3350
19,VSL,NPR,BL,LIGHT,3,3490
19,VSL,NPR,BL,LIGHT,4,3200
19,VSL,NPR,BL,LIGHT,5,3560
19,VSL,NPR,BL,LIGHT,6,3280
19,VSL,NPR,BL,LIGHT,7,3460
19,VSL,NPR,BL,LIGHT,8,2470
19,VSL,NPR,BL,LIGHT,9,3000
19,VSL,NPR,BL,LIGHT,10,3490
19,VSL,NPR,BL,LIGHT,11,3110
19,VSL,NPR,BL,LIGHT,12,3150
19,VSL,NPR,BL,DARK,13,2160
19,VSL,NPR,BL,DARK,14,2730
19,VSL,NPR,BL,DARK,15,2510
19,VSL,NPR,BL,DARK,16,2510
19,VSL,NPR,BL,DARK,17,2120
19,VSL,NPR,BL,DARK,18,2470
19,VSL,NPR,BL,DARK,19,2210
19,VSL,NPR,BL,DARK,20,2620
19,VSL,NPR,BL,DARK,21,2910
19,VSL,NPR,BL,DARK,22,1340
19,VSL,NPR,BL,DARK,23,1690
19,VSL,NPR,BL,DARK,24,3060
20,VSL,NPR,BL,LIGHT,1,3210
20,VSL,NPR,BL,LIGHT,2,3360
20,VSL,NPR,BL,LIGHT,3,3370
20,VSL,NPR,BL,LIGHT,4,3370
20,VSL,NPR,BL,LIGHT,5,2680
20,VSL,NPR,BL,LIGHT,6,2430
20,VSL,NPR,BL,LIGHT,7,3530
20,VSL,NPR,BL,LIGHT,8,2850
20,VSL,NPR,BL,LIGHT,9,3540
20,VSL,NPR,BL,LIGHT,10,2540
20,VSL,NPR,BL,LIGHT,11,2070
20,VSL,NPR,BL,LIGHT,12,2220
20,VSL,NPR,BL,DARK,13,1700
20,VSL,NPR,BL,DARK,14,2410
20,VSL,NPR,BL,DARK,15,940
20,VSL,NPR,BL,DARK,16,1580
20,VSL,NPR,BL,DARK,17,1670
20,VSL,NPR,BL,DARK,18,1640
20,VSL,NPR,BL,DARK,19,2560
20,VSL,NPR,BL,DARK,20,190
20,VSL,NPR,BL,DARK,21,370
20,VSL,NPR,BL,DARK,22,2590
20,VSL,NPR,BL,DARK,23,1300
20,VSL,NPR,BL,DARK,24,1170
21,VSL,NPR,BL,LIGHT,1,3310
21,VSL,NPR,BL,LIGHT,2,3210
21,VSL,NPR,BL,LIGHT,3,3520
21,VSL,NPR,BL,LIGHT,4,1500
21,VSL,NPR,BL,LIGHT,5,2950
21,VSL,NPR,BL,LIGHT,6,3450
21,VSL,NPR,BL,LIGHT,7,3590
21,VSL,NPR,BL,LIGHT,8,3440
21,VSL,NPR,BL,LIGHT,9,2520
21,VSL,NPR,BL,LIGHT,10,3510
21,VSL,NPR,BL,LIGHT,11,2100
21,VSL,NPR,BL,LIGHT,12,2710
21,VSL,NPR,BL,DARK,13,1380
21,VSL,NPR,BL,DARK,14,1960
21,VSL,NPR,BL,DARK,15,930
21,VSL,NPR,BL,DARK,16,400
21,VSL,NPR,BL,DARK,17,550
21,VSL,NPR,BL,DARK,18,2280
21,VSL,NPR,BL,DARK,19,340
21,VSL,NPR,BL,DARK,20,460
21,VSL,NPR,BL,DARK,21,3360
21,VSL,NPR,BL,DARK,22,2880
21,VSL,NPR,BL,DARK,23,270
21,VSL,NPR,BL,DARK,24,110
22,VSL,NPR,BL,LIGHT,1,3140
22,VSL,NPR,BL,LIGHT,2,3520
22,VSL,NPR,BL,LIGHT,3,2680
22,VSL,NPR,BL,LIGHT,4,3490
22,VSL,NPR,BL,LIGHT,5,2980
22,VSL,NPR,BL,LIGHT,6,2930
22,VSL,NPR,BL,LIGHT,7,3500
22,VSL,NPR,BL,LIGHT,8,2960
22,VSL,NPR,BL,LIGHT,9,3340
22,VSL,NPR,BL,LIGHT,10,2960
22,VSL,NPR,BL,LIGHT,11,3420
22,VSL,NPR,BL,LIGHT,12,1910
22,VSL,NPR,BL,DARK,13,1980
22,VSL,NPR,BL,DARK,14,1360
22,VSL,NPR,BL,DARK,15,2220
22,VSL,NPR,BL,DARK,16,770
22,VSL,NPR,BL,DARK,17,1310
22,VSL,NPR,BL,DARK,18,1450
22,VSL,NPR,BL,DARK,19,1460
22,VSL,NPR,BL,DARK,20,1170
22,VSL,NPR,BL,DARK,21,1140
22,VSL,NPR,BL,DARK,22,1580
22,VSL,NPR,BL,DARK,23,1770
22,VSL,NPR,BL,DARK,24,1060
23,VSL,NPR,BL,LIGHT,1,3600
23,VSL,NPR,BL,LIGHT,2,3600
23,VSL,NPR,BL,LIGHT,3,3600
23,VSL,NPR,BL,LIGHT,4,3600
23,VSL,NPR,BL,LIGHT,5,2780
23,VSL,NPR,BL,LIGHT,6,1260
23,VSL,NPR,BL,LIGHT,7,3600
23,VSL,NPR,BL,LIGHT,8,3600
23,VSL,NPR,BL,LIGHT,9,3600
23,VSL,NPR,BL,LIGHT,10,3570
23,VSL,NPR,BL,LIGHT,11,3590
23,VSL,NPR,BL,LIGHT,12,3350
23,VSL,NPR,BL,DARK,13,2290
23,VSL,NPR,BL,DARK,14,2360
23,VSL,NPR,BL,DARK,15,3510
23,VSL,NPR,BL,DARK,16,3530
23,VSL,NPR,BL,DARK,17,3310
23,VSL,NPR,BL,DARK,18,3320
23,VSL,NPR,BL,DARK,19,3310
23,VSL,NPR,BL,DARK,20,3260
23,VSL,NPR,BL,DARK,21,3600
23,VSL,NPR,BL,DARK,22,3040
23,VSL,NPR,BL,DARK,23,3420
23,VSL,NPR,BL,DARK,24,3130
24,VSL,NPR,BL,LIGHT,1,2820
24,VSL,NPR,BL,LIGHT,2,3210
24,VSL,NPR,BL,LIGHT,3,3020
24,VSL,NPR,BL,LIGHT,4,1780
24,VSL,NPR,BL,LIGHT,5,2900
24,VSL,NPR,BL,LIGHT,6,3430
24,VSL,NPR,BL,LIGHT,7,2030
24,VSL,NPR,BL,LIGHT,8,3390
24,VSL,NPR,BL,LIGHT,9,3520
24,VSL,NPR,BL,LIGHT,10,2730
24,VSL,NPR,BL,LIGHT,11,2160
24,VSL,NPR,BL,LIGHT,12,2360
24,VSL,NPR,BL,DARK,13,1050
24,VSL,NPR,BL,DARK,14,2180
24,VSL,NPR,BL,DARK,15,1550
24,VSL,NPR,BL,DARK,16,970
24,VSL,NPR,BL,DARK,17,1490
24,VSL,NPR,BL,DARK,18,600
24,VSL,NPR,BL,DARK,19,1370
24,VSL,NPR,BL,DARK,20,1630
24,VSL,NPR,BL,DARK,21,2010
24,VSL,NPR,BL,DARK,22,2110
24,VSL,NPR,BL,DARK,23,910
24,VSL,NPR,BL,DARK,24,1100
25,VSL,NPR,BL,LIGHT,1,3130
25,VSL,NPR,BL,LIGHT,2,3370
25,VSL,NPR,BL,LIGHT,3,2630
25,VSL,NPR,BL,LIGHT,4,3590
25,VSL,NPR,BL,LIGHT,5,3540
25,VSL,NPR,BL,LIGHT,6,2880
25,VSL,NPR,BL,LIGHT,7,2870
25,VSL,NPR,BL,LIGHT,8,1720
25,VSL,NPR,BL,LIGHT,9,3520
25,VSL,NPR,BL,LIGHT,10,3350
25,VSL,NPR,BL,LIGHT,11,2130
25,VSL,NPR,BL,LIGHT,12,3470
25,VSL,NPR,BL,DARK,13,2220
25,VSL,NPR,BL,DARK,14,2780
25,VSL,NPR,BL,DARK,15,3170
25,VSL,NPR,BL,DARK,16,2230
25,VSL,NPR,BL,DARK,17,3260
25,VSL,NPR,BL,DARK,18,1870
25,VSL,NPR,BL,DARK,19,2570
25,VSL,NPR,BL,DARK,20,590
25,VSL,NPR,BL,DARK,21,250
25,VSL,NPR,BL,DARK,22,1830
25,VSL,NPR,BL,DARK,23,1700
25,VSL,NPR,BL,DARK,24,1070
26,VSL,NPR,BL,LIGHT,1,3100
26,VSL,NPR,BL,LIGHT,2,3300
26,VSL,NPR,BL,LIGHT,3,3400
26,VSL,NPR,BL,LIGHT,4,3340
26,VSL,NPR,BL,LIGHT,5,3300
26,VSL,NPR,BL,LIGHT,6,2910
26,VSL,NPR,BL,LIGHT,7,3130
26,VSL,NPR,BL,LIGHT,8,3210
26,VSL,NPR,BL,LIGHT,9,2960
26,VSL,NPR,BL,LIGHT,10,2680
26,VSL,NPR,BL,LIGHT,11,2960
26,VSL,NPR,BL,LIGHT,12,2230
26,VSL,NPR,BL,DARK,13,970
26,VSL,NPR,BL,DARK,14,1950
26,VSL,NPR,BL,DARK,15,1080
26,VSL,NPR,BL,DARK,16,1040
26,VSL,NPR,BL,DARK,17,1310
26,VSL,NPR,BL,DARK,18,1620
26,VSL,NPR,BL,DARK,19,1370
26,VSL,NPR,BL,DARK,20,1590
26,VSL,NPR,BL,DARK,21,1810
26,VSL,NPR,BL,DARK,22,1880
26,VSL,NPR,BL,DARK,23,2250
26,VSL,NPR,BL,DARK,24,2610
27,VSL,NPR,BL,LIGHT,1,3380
27,VSL,NPR,BL,LIGHT,2,3340
27,VSL,NPR,BL,LIGHT,3,3440
27,VSL,NPR,BL,LIGHT,4,3440
27,VSL,NPR,BL,LIGHT,5,3160
27,VSL,NPR,BL,LIGHT,6,3270
27,VSL,NPR,BL,LIGHT,7,3300
27,VSL,NPR,BL,LIGHT,8,3100
27,VSL,NPR,BL,LIGHT,9,2170
27,VSL,NPR,BL,LIGHT,10,3100
27,VSL,NPR,BL,LIGHT,11,1800
27,VSL,NPR,BL,LIGHT,12,2600
27,VSL,NPR,BL,DARK,13,1120
27,VSL,NPR,BL,DARK,14,1340
27,VSL,NPR,BL,DARK,15,2210
27,VSL,NPR,BL,DARK,16,1520
27,VSL,NPR,BL,DARK,17,1370
27,VSL,NPR,BL,DARK,18,880
27,VSL,NPR,BL,DARK,19,2490
27,VSL,NPR,BL,DARK,20,1780
27,VSL,NPR,BL,DARK,21,1750
27,VSL,NPR,BL,DARK,22,830
27,VSL,NPR,BL,DARK,23,1290
27,VSL,NPR,BL,DARK,24,2130
28,VSL,NPR,BL,LIGHT,1,3380
28,VSL,NPR,BL,LIGHT,2,3340
28,VSL,NPR,BL,LIGHT,3,3440
28,VSL,NPR,BL,LIGHT,4,3440
28,VSL,NPR,BL,LIGHT,5,3160
28,VSL,NPR,BL,LIGHT,6,3270
28,VSL,NPR,BL,LIGHT,7,3300
28,VSL,NPR,BL,LIGHT,8,3100
28,VSL,NPR,BL,LIGHT,9,2170
28,VSL,NPR,BL,LIGHT,10,3100
28,VSL,NPR,BL,LIGHT,11,1800
28,VSL,NPR,BL,LIGHT,12,2600
28,VSL,NPR,BL,DARK,13,1120
28,VSL,NPR,BL,DARK,14,1340
28,VSL,NPR,BL,DARK,15,2210
28,VSL,NPR,BL,DARK,16,1520
28,VSL,NPR,BL,DARK,17,1370
28,VSL,NPR,BL,DARK,18,880
28,VSL,NPR,BL,DARK,19,2490
28,VSL,NPR,BL,DARK,20,1780
28,VSL,NPR,BL,DARK,21,1750
28,VSL,NPR,BL,DARK,22,830
28,VSL,NPR,BL,DARK,23,1290
28,VSL,NPR,BL,DARK,24,2130
29,VC,NPR,PE,LIGHT,1,2620
29,VC,NPR,PE,LIGHT,2,2910
29,VC,NPR,PE,LIGHT,3,2580
29,VC,NPR,PE,LIGHT,4,2060
29,VC,NPR,PE,LIGHT,5,3000
29,VC,NPR,PE,LIGHT,6,3080
29,VC,NPR,PE,LIGHT,7,3150
29,VC,NPR,PE,LIGHT,8,2980
29,VC,NPR,PE,LIGHT,9,2960
29,VC,NPR,PE,LIGHT,10,2450
29,VC,NPR,PE,LIGHT,11,2970
29,VC,NPR,PE,LIGHT,12,2790
29,VC,NPR,PE,DARK,13,1530
29,VC,NPR,PE,DARK,14,1610
29,VC,NPR,PE,DARK,15,1320
29,VC,NPR,PE,DARK,16,1700
29,VC,NPR,PE,DARK,17,1320
29,VC,NPR,PE,DARK,18,1140
29,VC,NPR,PE,DARK,19,1880
29,VC,NPR,PE,DARK,20,2290
29,VC,NPR,PE,DARK,21,2190
29,VC,NPR,PE,DARK,22,860
29,VC,NPR,PE,DARK,23,490
29,VC,NPR,PE,DARK,24,3110
30,VC,NPR,PE,LIGHT,1,3300
30,VC,NPR,PE,LIGHT,2,3210
30,VC,NPR,PE,LIGHT,3,3030
30,VC,NPR,PE,LIGHT,4,3130
30,VC,NPR,PE,LIGHT,5,2820
30,VC,NPR,PE,LIGHT,6,2460
30,VC,NPR,PE,LIGHT,7,3080
30,VC,NPR,PE,LIGHT,8,2800
30,VC,NPR,PE,LIGHT,9,2760
30,VC,NPR,PE,LIGHT,10,3110
30,VC,NPR,PE,LIGHT,11,2590
30,VC,NPR,PE,LIGHT,12,2150
30,VC,NPR,PE,DARK,13,600
30,VC,NPR,PE,DARK,14,1740
30,VC,NPR,PE,DARK,15,390
30,VC,NPR,PE,DARK,16,1580
30,VC,NPR,PE,DARK,17,2100
30,VC,NPR,PE,DARK,18,1760
30,VC,NPR,PE,DARK,19,780
30,VC,NPR,PE,DARK,20,940
30,VC,NPR,PE,DARK,21,1970
30,VC,NPR,PE,DARK,22,820
30,VC,NPR,PE,DARK,23,70
30,VC,NPR,PE,DARK,24,1970
31,VC,NPR,PE,LIGHT,1,3160
31,VC,NPR,PE,LIGHT,2,3220
31,VC,NPR,PE,LIGHT,3,2710
31,VC,NPR,PE,LIGHT,4,3300
31,VC,NPR,PE,LIGHT,5,2730
31,VC,NPR,PE,LIGHT,6,2110
31,VC,NPR,PE,LIGHT,7,3020
31,VC,NPR,PE,LIGHT,8,3110
31,VC,NPR,PE,LIGHT,9,3080
31,VC,NPR,PE,LIGHT,10,2580
31,VC,NPR,PE,LIGHT,11,3270
31,VC,NPR,PE,LIGHT,12,2830
31,VC,NPR,PE,DARK,13,1210
31,VC,NPR,PE,DARK,14,1510
31,VC,NPR,PE,DARK,15,660
31,VC,NPR,PE,DARK,16,970
31,VC,NPR,PE,DARK,17,80
31,VC,NPR,PE,DARK,18,70
31,VC,NPR,PE,DARK,19,70
31,VC,NPR,PE,DARK,20,190
31,VC,NPR,PE,DARK,21,170
31,VC,NPR,PE,DARK,22,490
31,VC,NPR,PE,DARK,23,0
31,VC,NPR,PE,DARK,24,510
32,VC,NPR,PE,LIGHT,1,3230
32,VC,NPR,PE,LIGHT,2,2090
32,VC,NPR,PE,LIGHT,3,2530
32,VC,NPR,PE,LIGHT,4,3410
32,VC,NPR,PE,LIGHT,5,2440
32,VC,NPR,PE,LIGHT,6,2680
32,VC,NPR,PE,LIGHT,7,3470
32,VC,NPR,PE,LIGHT,8,2590
32,VC,NPR,PE,LIGHT,9,3390
32,VC,NPR,PE,LIGHT,10,3100
32,VC,NPR,PE,LIGHT,11,1770
32,VC,NPR,PE,LIGHT,12,2710
32,VC,NPR,PE,DARK,13,1290
32,VC,NPR,PE,DARK,14,1780
32,VC,NPR,PE,DARK,15,1320
32,VC,NPR,PE,DARK,16,760
32,VC,NPR,PE,DARK,17,1440
32,VC,NPR,PE,DARK,18,1090
32,VC,NPR,PE,DARK,19,1270
32,VC,NPR,PE,DARK,20,1730
32,VC,NPR,PE,DARK,21,1190
32,VC,NPR,PE,DARK,22,1390
32,VC,NPR,PE,DARK,23,1010
32,VC,NPR,PE,DARK,24,2170
33,VC,NPR,PE,LIGHT,1,3270
33,VC,NPR,PE,LIGHT,2,2980
33,VC,NPR,PE,LIGHT,3,3370
33,VC,NPR,PE,LIGHT,4,3190
33,VC,NPR,PE,LIGHT,5,2940
33,VC,NPR,PE,LIGHT,6,3240
33,VC,NPR,PE,LIGHT,7,2610
33,VC,NPR,PE,LIGHT,8,3100
33,VC,NPR,PE,LIGHT,9,3040
33,VC,NPR,PE,LIGHT,10,2170
33,VC,NPR,PE,LIGHT,11,2500
33,VC,NPR,PE,LIGHT,12,2860
33,VC,NPR,PE,DARK,13,160
33,VC,NPR,PE,DARK,14,1560
33,VC,NPR,PE,DARK,15,1220
33,VC,NPR,PE,DARK,16,1600
33,VC,NPR,PE,DARK,17,1070
33,VC,NPR,PE,DARK,18,2080
33,VC,NPR,PE,DARK,19,1970
33,VC,NPR,PE,DARK,20,1930
33,VC,NPR,PE,DARK,21,630
33,VC,NPR,PE,DARK,22,1460
33,VC,NPR,PE,DARK,23,500
33,VC,NPR,PE,DARK,24,2400
34,VC,NPR,PE,LIGHT,1,2710
34,VC,NPR,PE,LIGHT,2,3170
34,VC,NPR,PE,LIGHT,3,3300
34,VC,NPR,PE,LIGHT,4,3240
34,VC,NPR,PE,LIGHT,5,2080
34,VC,NPR,PE,LIGHT,6,3350
34,VC,NPR,PE,LIGHT,7,3310
34,VC,NPR,PE,LIGHT,8,3380
34,VC,NPR,PE,LIGHT,9,2900
34,VC,NPR,PE,LIGHT,10,1160
34,VC,NPR,PE,LIGHT,11,3400
34,VC,NPR,PE,LIGHT,12,1170
34,VC,NPR,PE,DARK,13,680
34,VC,NPR,PE,DARK,14,2390
34,VC,NPR,PE,DARK,15,1660
34,VC,NPR,PE,DARK,16,940
34,VC,NPR,PE,DARK,17,880
34,VC,NPR,PE,DARK,18,990
34,VC,NPR,PE,DARK,19,1990
34,VC,NPR,PE,DARK,20,1520
34,VC,NPR,PE,DARK,21,2060
34,VC,NPR,PE,DARK,22,890
34,VC,NPR,PE,DARK,23,2020
34,VC,NPR,PE,DARK,24,2970
35,VC,NPR,PE,LIGHT,1,2670
35,VC,NPR,PE,LIGHT,2,3150
35,VC,NPR,PE,LIGHT,3,2450
35,VC,NPR,PE,LIGHT,4,3020
35,VC,NPR,PE,LIGHT,5,3040
35,VC,NPR,PE,LIGHT,6,3140
35,VC,NPR,PE,LIGHT,7,2750
35,VC,NPR,PE,LIGHT,8,2060
35,VC,NPR,PE,LIGHT,9,3110
35,VC,NPR,PE,LIGHT,10,2280
35,VC,NPR,PE,LIGHT,11,2840
35,VC,NPR,PE,LIGHT,12,2910
35,VC,NPR,PE,DARK,13,780
35,VC,NPR,PE,DARK,14,1240
35,VC,NPR,PE,DARK,15,2850
35,VC,NPR,PE,DARK,16,1070
35,VC,NPR,PE,DARK,17,1300
35,VC,NPR,PE,DARK,18,610
35,VC,NPR,PE,DARK,19,730
35,VC,NPR,PE,DARK,20,2510
35,VC,NPR,PE,DARK,21,1770
35,VC,NPR,PE,DARK,22,620
35,VC,NPR,PE,DARK,23,1690
35,VC,NPR,PE,DARK,24,1780
36,VC,NPR,PE,LIGHT,1,3260
36,VC,NPR,PE,LIGHT,2,2540
36,VC,NPR,PE,LIGHT,3,3390
36,VC,NPR,PE,LIGHT,4,2990
36,VC,NPR,PE,LIGHT,5,2370
36,VC,NPR,PE,LIGHT,6,2610
36,VC,NPR,PE,LIGHT,7,2820
36,VC,NPR,PE,LIGHT,8,2340
36,VC,NPR,PE,LIGHT,9,2720
36,VC,NPR,PE,LIGHT,10,3090
36,VC,NPR,PE,LIGHT,11,2530
36,VC,NPR,PE,LIGHT,12,2240
36,VC,NPR,PE,DARK,13,1690
36,VC,NPR,PE,DARK,14,1280
36,VC,NPR,PE,DARK,15,2120
36,VC,NPR,PE,DARK,16,1380
36,VC,NPR,PE,DARK,17,1800
36,VC,NPR,PE,DARK,18,1050
36,VC,NPR,PE,DARK,19,1660
36,VC,NPR,PE,DARK,20,1510
36,VC,NPR,PE,DARK,21,2470
36,VC,NPR,PE,DARK,22,1550
36,VC,NPR,PE,DARK,23,1540
36,VC,NPR,PE,DARK,24,2020
37,VC,SPR,PE,LIGHT,1,810
37,VC,SPR,PE,LIGHT,2,2310
37,VC,SPR,PE,LIGHT,3,3200
37,VC,SPR,PE,LIGHT,4,3120
37,VC,SPR,PE,LIGHT,5,3100
37,VC,SPR,PE,LIGHT,6,3020
37,VC,SPR,PE,LIGHT,7,3210
37,VC,SPR,PE,LIGHT,8,2400
37,VC,SPR,PE,LIGHT,9,2500
37,VC,SPR,PE,LIGHT,10,2650
37,VC,SPR,PE,LIGHT,11,1800
37,VC,SPR,PE,LIGHT,12,3240
37,VC,SPR,PE,DARK,13,2240
37,VC,SPR,PE,DARK,14,3080
37,VC,SPR,PE,DARK,15,1090
37,VC,SPR,PE,DARK,16,2080
37,VC,SPR,PE,DARK,17,580
37,VC,SPR,PE,DARK,18,1490
37,VC,SPR,PE,DARK,19,2960
37,VC,SPR,PE,DARK,20,3150
37,VC,SPR,PE,DARK,21,700
37,VC,SPR,PE,DARK,22,2360
37,VC,SPR,PE,DARK,23,1320
37,VC,SPR,PE,DARK,24,1670
38,VC,SPR,PE,LIGHT,1,1660
38,VC,SPR,PE,LIGHT,2,3230
38,VC,SPR,PE,LIGHT,3,3180
38,VC,SPR,PE,LIGHT,4,2020
38,VC,SPR,PE,LIGHT,5,2470
38,VC,SPR,PE,LIGHT,6,3060
38,VC,SPR,PE,LIGHT,7,3290
38,VC,SPR,PE,LIGHT,8,3150
38,VC,SPR,PE,LIGHT,9,1970
38,VC,SPR,PE,LIGHT,10,2900
38,VC,SPR,PE,LIGHT,11,1850
38,VC,SPR,PE,LIGHT,12,1870
38,VC,SPR,PE,DARK,13,3280
38,VC,SPR,PE,DARK,14,1780
38,VC,SPR,PE,DARK,15,1640
38,VC,SPR,PE,DARK,16,3050
38,VC,SPR,PE,DARK,17,1310
38,VC,SPR,PE,DARK,18,1510
38,VC,SPR,PE,DARK,19,2460
38,VC,SPR,PE,DARK,20,3190
38,VC,SPR,PE,DARK,21,2320
38,VC,SPR,PE,DARK,22,1500
38,VC,SPR,PE,DARK,23,2590
38,VC,SPR,PE,DARK,24,1360
39,VC,SPR,PE,LIGHT,1,830
39,VC,SPR,PE,LIGHT,2,3090
39,VC,SPR,PE,LIGHT,3,3270
39,VC,SPR,PE,LIGHT,4,3140
39,VC,SPR,PE,LIGHT,5,3270
39,VC,SPR,PE,LIGHT,6,3160
39,VC,SPR,PE,LIGHT,7,3140
39,VC,SPR,PE,LIGHT,8,1950
39,VC,SPR,PE,LIGHT,9,3330
39,VC,SPR,PE,LIGHT,10,3310
39,VC,SPR,PE,LIGHT,11,2100
39,VC,SPR,PE,LIGHT,12,3170
39,VC,SPR,PE,DARK,13,1770
39,VC,SPR,PE,DARK,14,2520
39,VC,SPR,PE,DARK,15,2390
39,VC,SPR,PE,DARK,16,1700
39,VC,SPR,PE,DARK,17,2130
39,VC,SPR,PE,DARK,18,1360
39,VC,SPR,PE,DARK,19,1310
39,VC,SPR,PE,DARK,20,2940
39,VC,SPR,PE,DARK,21,3040
39,VC,SPR,PE,DARK,22,2130
39,VC,SPR,PE,DARK,23,1390
39,VC,SPR,PE,DARK,24,2150
40,VC,SPR,PE,LIGHT,1,1160
40,VC,SPR,PE,LIGHT,2,3040
40,VC,SPR,PE,LIGHT,3,3400
40,VC,SPR,PE,LIGHT,4,1930
40,VC,SPR,PE,LIGHT,5,3050
40,VC,SPR,PE,LIGHT,6,3240
40,VC,SPR,PE,LIGHT,7,3300
40,VC,SPR,PE,LIGHT,8,2000
40,VC,SPR,PE,LIGHT,9,2910
40,VC,SPR,PE,LIGHT,10,2810
40,VC,SPR,PE,LIGHT,11,1850
40,VC,SPR,PE,LIGHT,12,2290
40,VC,SPR,PE,DARK,13,3230
40,VC,SPR,PE,DARK,14,2400
40,VC,SPR,PE,DARK,15,680
40,VC,SPR,PE,DARK,16,2590
40,VC,SPR,PE,DARK,17,560
40,VC,SPR,PE,DARK,18,840
40,VC,SPR,PE,DARK,19,2010
40,VC,SPR,PE,DARK,20,2210
40,VC,SPR,PE,DARK,21,790
40,VC,SPR,PE,DARK,22,1120
40,VC,SPR,PE,DARK,23,2910
40,VC,SPR,PE,DARK,24,910
41,VC,SPR,PE,LIGHT,1,390
41,VC,SPR,PE,LIGHT,2,1560
41,VC,SPR,PE,LIGHT,3,2900
41,VC,SPR,PE,LIGHT,4,3230
41,VC,SPR,PE,LIGHT,5,3070
41,VC,SPR,PE,LIGHT,6,3390
41,VC,SPR,PE,LIGHT,7,2220
41,VC,SPR,PE,LIGHT,8,2420
41,VC,SPR,PE,LIGHT,9,3210
41,VC,SPR,PE,LIGHT,10,3070
41,VC,SPR,PE,LIGHT,11,2120
41,VC,SPR,PE,LIGHT,12,2370
41,VC,SPR,PE,DARK,13,2070
41,VC,SPR,PE,DARK,14,2910
41,VC,SPR,PE,DARK,15,1430
41,VC,SPR,PE,DARK,16,2570
41,VC,SPR,PE,DARK,17,820
41,VC,SPR,PE,DARK,18,610
41,VC,SPR,PE,DARK,19,1570
41,VC,SPR,PE,DARK,20,2060
41,VC,SPR,PE,DARK,21,980
41,VC,SPR,PE,DARK,22,640
41,VC,SPR,PE,DARK,23,2010
41,VC,SPR,PE,DARK,24,1590
42,VC,SPR,PE,LIGHT,1,1410
42,VC,SPR,PE,LIGHT,2,3070
42,VC,SPR,PE,LIGHT,3,3010
42,VC,SPR,PE,LIGHT,4,1930
42,VC,SPR,PE,LIGHT,5,2470
42,VC,SPR,PE,LIGHT,6,3070
42,VC,SPR,PE,LIGHT,7,3290
42,VC,SPR,PE,LIGHT,8,3140
42,VC,SPR,PE,LIGHT,9,1970
42,VC,SPR,PE,LIGHT,10,2890
42,VC,SPR,PE,LIGHT,11,1810
42,VC,SPR,PE,LIGHT,12,1850
42,VC,SPR,PE,DARK,13,3280
42,VC,SPR,PE,DARK,14,1780
42,VC,SPR,PE,DARK,15,1630
42,VC,SPR,PE,DARK,16,2670
42,VC,SPR,PE,DARK,17,1000
42,VC,SPR,PE,DARK,18,1240
42,VC,SPR,PE,DARK,19,790
42,VC,SPR,PE,DARK,20,3020
42,VC,SPR,PE,DARK,21,1920
42,VC,SPR,PE,DARK,22,960
42,VC,SPR,PE,DARK,23,1830
42,VC,SPR,PE,DARK,24,1140
43,VC,SPR,PE,LIGHT,1,790
43,VC,SPR,PE,LIGHT,2,2730
43,VC,SPR,PE,LIGHT,3,3220
43,VC,SPR,PE,LIGHT,4,3120
43,VC,SPR,PE,LIGHT,5,3190
43,VC,SPR,PE,LIGHT,6,3180
43,VC,SPR,PE,LIGHT,7,3240
43,VC,SPR,PE,LIGHT,8,1820
43,VC,SPR,PE,LIGHT,9,3340
43,VC,SPR,PE,LIGHT,10,3430
43,VC,SPR,PE,LIGHT,11,1880
43,VC,SPR,PE,LIGHT,12,3070
43,VC,SPR,PE,DARK,13,1460
43,VC,SPR,PE,DARK,14,1680
43,VC,SPR,PE,DARK,15,1570
43,VC,SPR,PE,DARK,16,1240
43,VC,SPR,PE,DARK,17,1940
43,VC,SPR,PE,DARK,18,1330
43,VC,SPR,PE,DARK,19,1290
43,VC,SPR,PE,DARK,20,2730
43,VC,SPR,PE,DARK,21,2280
43,VC,SPR,PE,DARK,22,2220
43,VC,SPR,PE,DARK,23,1270
43,VC,SPR,PE,DARK,24,1980
44,VC,SPR,PE,LIGHT,1,1120
44,VC,SPR,PE,LIGHT,2,1880
44,VC,SPR,PE,LIGHT,3,2420
44,VC,SPR,PE,LIGHT,4,2830
44,VC,SPR,PE,LIGHT,5,3200
44,VC,SPR,PE,LIGHT,6,2580
44,VC,SPR,PE,LIGHT,7,3280
44,VC,SPR,PE,LIGHT,8,3230
44,VC,SPR,PE,LIGHT,9,2970
44,VC,SPR,PE,LIGHT,10,2330
44,VC,SPR,PE,LIGHT,11,1710
44,VC,SPR,PE,LIGHT,12,2450
44,VC,SPR,PE,DARK,13,2900
44,VC,SPR,PE,DARK,14,3030
44,VC,SPR,PE,DARK,15,1470
44,VC,SPR,PE,DARK,16,2150
44,VC,SPR,PE,DARK,17,1510
44,VC,SPR,PE,DARK,18,1330
44,VC,SPR,PE,DARK,19,800
44,VC,SPR,PE,DARK,20,340
44,VC,SPR,PE,DARK,21,1550
44,VC,SPR,PE,DARK,22,700
44,VC,SPR,PE,DARK,23,520
44,VC,SPR,PE,DARK,24,2400
45,VSL,NPR,PE,LIGHT,1,3320
45,VSL,NPR,PE,LIGHT,2,2510
45,VSL,NPR,PE,LIGHT,3,3440
45,VSL,NPR,PE,LIGHT,4,3280
45,VSL,NPR,PE,LIGHT,5,3400
45,VSL,NPR,PE,LIGHT,6,2650
45,VSL,NPR,PE,LIGHT,7,3280
45,VSL,NPR,PE,LIGHT,8,2470
45,VSL,NPR,PE,LIGHT,9,3520
45,VSL,NPR,PE,LIGHT,10,2220
45,VSL,NPR,PE,LIGHT,11,3280
45,VSL,NPR,PE,LIGHT,12,1860
45,VSL,NPR,PE,DARK,13,630
45,VSL,NPR,PE,DARK,14,2060
45,VSL,NPR,PE,DARK,15,920
45,VSL,NPR,PE,DARK,16,1160
45,VSL,NPR,PE,DARK,17,3020
45,VSL,NPR,PE,DARK,18,1910
45,VSL,NPR,PE,DARK,19,690
45,VSL,NPR,PE,DARK,20,1490
45,VSL,NPR,PE,DARK,21,3470
45,VSL,NPR,PE,DARK,22,3300
45,VSL,NPR,PE,DARK,23,420
45,VSL,NPR,PE,DARK,24,1440
46,VSL,NPR,PE,LIGHT,1,3390
46,VSL,NPR,PE,LIGHT,2,3600
46,VSL,NPR,PE,LIGHT,3,2710
46,VSL,NPR,PE,LIGHT,4,3110
46,VSL,NPR,PE,LIGHT,5,3580
46,VSL,NPR,PE,LIGHT,6,1840
46,VSL,NPR,PE,LIGHT,7,3210
46,VSL,NPR,PE,LIGHT,8,3510
46,VSL,NPR,PE,LIGHT,9,2490
46,VSL,NPR,PE,LIGHT,10,3490
46,VSL,NPR,PE,LIGHT,11,3520
46,VSL,NPR,PE,LIGHT,12,1680
46,VSL,NPR,PE,DARK,13,1170
46,VSL,NPR,PE,DARK,14,1160
46,VSL,NPR,PE,DARK,15,1270
46,VSL,NPR,PE,DARK,16,1340
46,VSL,NPR,PE,DARK,17,1180
46,VSL,NPR,PE,DARK,18,1150
46,VSL,NPR,PE,DARK,19,1330
46,VSL,NPR,PE,DARK,20,1820
46,VSL,NPR,PE,DARK,21,2820
46,VSL,NPR,PE,DARK,22,1630
46,VSL,NPR,PE,DARK,23,1050
46,VSL,NPR,PE,DARK,24,1950
47,VSL,NPR,PE,LIGHT,1,3050
47,VSL,NPR,PE,LIGHT,2,3470
47,VSL,NPR,PE,LIGHT,3,2900
47,VSL,NPR,PE,LIGHT,4,2950
47,VSL,NPR,PE,LIGHT,5,2440
47,VSL,NPR,PE,LIGHT,6,3370
47,VSL,NPR,PE,LIGHT,7,3510
47,VSL,NPR,PE,LIGHT,8,3560
47,VSL,NPR,PE,LIGHT,9,2550
47,VSL,NPR,PE,LIGHT,10,2650
47,VSL,NPR,PE,LIGHT,11,3530
47,VSL,NPR,PE,LIGHT,12,3280
47,VSL,NPR,PE,DARK,13,1480
47,VSL,NPR,PE,DARK,14,2350
47,VSL,NPR,PE,DARK,15,2250
47,VSL,NPR,PE,DARK,16,1600
47,VSL,NPR,PE,DARK,17,1570
47,VSL,NPR,PE,DARK,18,760
47,VSL,NPR,PE,DARK,19,1530
47,VSL,NPR,PE,DARK,20,2140
47,VSL,NPR,PE,DARK,21,1340
47,VSL,NPR,PE,DARK,22,2080
47,VSL,NPR,PE,DARK,23,1670
47,VSL,NPR,PE,DARK,24,1480
48,VSL,NPR,PE,LIGHT,1,3230
48,VSL,NPR,PE,LIGHT,2,3340
48,VSL,NPR,PE,LIGHT,3,3330
48,VSL,NPR,PE,LIGHT,4,3130
48,VSL,NPR,PE,LIGHT,5,3180
48,VSL,NPR,PE,LIGHT,6,2320
48,VSL,NPR,PE,LIGHT,7,3220
48,VSL,NPR,PE,LIGHT,8,1550
48,VSL,NPR,PE,LIGHT,9,3300
48,VSL,NPR,PE,LIGHT,10,2760
48,VSL,NPR,PE,LIGHT,11,3230
48,VSL,NPR,PE,LIGHT,12,2720
48,VSL,NPR,PE,DARK,13,1040
48,VSL,NPR,PE,DARK,14,2480
48,VSL,NPR,PE,DARK,15,2050
48,VSL,NPR,PE,DARK,16,2380
48,VSL,NPR,PE,DARK,17,560
48,VSL,NPR,PE,DARK,18,230
48,VSL,NPR,PE,DARK,19,2010
48,VSL,NPR,PE,DARK,20,2140
48,VSL,NPR,PE,DARK,21,2220
48,VSL,NPR,PE,DARK,22,850
48,VSL,NPR,PE,DARK,23,440
48,VSL,NPR,PE,DARK,24,2630
49,VSL,NPR,PE,LIGHT,1,3310
49,VSL,NPR,PE,LIGHT,2,3260
49,VSL,NPR,PE,LIGHT,3,3290
49,VSL,NPR,PE,LIGHT,4,2770
49,VSL,NPR,PE,LIGHT,5,3360
49,VSL,NPR,PE,LIGHT,6,3190
49,VSL,NPR,PE,LIGHT,7,3180
49,VSL,NPR,PE,LIGHT,8,3280
49,VSL,NPR,PE,LIGHT,9,2210
49,VSL,NPR,PE,LIGHT,10,1630
49,VSL,NPR,PE,LIGHT,11,3320
49,VSL,NPR,PE,LIGHT,12,2820
49,VSL,NPR,PE,DARK,13,2610
49,VSL,NPR,PE,DARK,14,630
49,VSL,NPR,PE,DARK,15,2620
49,VSL,NPR,PE,DARK,16,2670
49,VSL,NPR,PE,DARK,17,170
49,VSL,NPR,PE,DARK,18,1230
49,VSL,NPR,PE,DARK,19,2680
49,VSL,NPR,PE,DARK,20,1160
49,VSL,NPR,PE,DARK,21,350
49,VSL,NPR,PE,DARK,22,2770
49,VSL,NPR,PE,DARK,23,450
49,VSL,NPR,PE,DARK,24,2800
50,VSL,NPR,PE,LIGHT,1,3500
50,VSL,NPR,PE,LIGHT,2,3260
50,VSL,NPR,PE,LIGHT,3,3040
50,VSL,NPR,PE,LIGHT,4,3040
50,VSL,NPR,PE,LIGHT,5,2570
50,VSL,NPR,PE,LIGHT,6,2620
50,VSL,NPR,PE,LIGHT,7,3410
50,VSL,NPR,PE,LIGHT,8,2850
50,VSL,NPR,PE,LIGHT,9,1730
50,VSL,NPR,PE,LIGHT,10,2920
50,VSL,NPR,PE,LIGHT,11,1620
50,VSL,NPR,PE,LIGHT,12,1580
50,VSL,NPR,PE,DARK,13,1910
50,VSL,NPR,PE,DARK,14,1560
50,VSL,NPR,PE,DARK,15,2380
50,VSL,NPR,PE,DARK,16,2110
50,VSL,NPR,PE,DARK,17,2380
50,VSL,NPR,PE,DARK,18,1210
50,VSL,NPR,PE,DARK,19,1020
50,VSL,NPR,PE,DARK,20,1230
50,VSL,NPR,PE,DARK,21,2130
50,VSL,NPR,PE,DARK,22,3570
50,VSL,NPR,PE,DARK,23,3440
50,VSL,NPR,PE,DARK,24,3490
51,VSL,SPR,PE,LIGHT,1,190
51,VSL,SPR,PE,LIGHT,2,2210
51,VSL,SPR,PE,LIGHT,3,3360
51,VSL,SPR,PE,LIGHT,4,3390
51,VSL,SPR,PE,LIGHT,5,3440
51,VSL,SPR,PE,LIGHT,6,3350
51,VSL,SPR,PE,LIGHT,7,3440
51,VSL,SPR,PE,LIGHT,8,3460
51,VSL,SPR,PE,LIGHT,9,3430
51,VSL,SPR,PE,LIGHT,10,3310
51,VSL,SPR,PE,LIGHT,11,1290
51,VSL,SPR,PE,LIGHT,12,2670
51,VSL,SPR,PE,DARK,13,2930
51,VSL,SPR,PE,DARK,14,2890
51,VSL,SPR,PE,DARK,15,1700
51,VSL,SPR,PE,DARK,16,1300
51,VSL,SPR,PE,DARK,17,640
51,VSL,SPR,PE,DARK,18,200
51,VSL,SPR,PE,DARK,19,2600
51,VSL,SPR,PE,DARK,20,1780
51,VSL,SPR,PE,DARK,21,260
51,VSL,SPR,PE,DARK,22,1450
51,VSL,SPR,PE,DARK,23,2120
51,VSL,SPR,PE,DARK,24,1070
52,VSL,SPR,PE,LIGHT,1,1400
52,VSL,SPR,PE,LIGHT,2,930
52,VSL,SPR,PE,LIGHT,3,1500
52,VSL,SPR,PE,LIGHT,4,3240
52,VSL,SPR,PE,LIGHT,5,2970
52,VSL,SPR,PE,LIGHT,6,3490
52,VSL,SPR,PE,LIGHT,7,2840
52,VSL,SPR,PE,LIGHT,8,3430
52,VSL,SPR,PE,LIGHT,9,3350
52,VSL,SPR,PE,LIGHT,10,3310
52,VSL,SPR,PE,LIGHT,11,1750
52,VSL,SPR,PE,LIGHT,12,3440
52,VSL,SPR,PE,DARK,13,3150
52,VSL,SPR,PE,DARK,14,2180
52,VSL,SPR,PE,DARK,15,2140
52,VSL,SPR,PE,DARK,16,1960
52,VSL,SPR,PE,DARK,17,1960
52,VSL,SPR,PE,DARK,18,1170
52,VSL,SPR,PE,DARK,19,740
52,VSL,SPR,PE,DARK,20,2770
52,VSL,SPR,PE,DARK,21,480
52,VSL,SPR,PE,DARK,22,2480
52,VSL,SPR,PE,DARK,23,1560
52,VSL,SPR,PE,DARK,24,1710
53,VSL,SPR,PE,LIGHT,1,1140
53,VSL,SPR,PE,LIGHT,2,2480
53,VSL,SPR,PE,LIGHT,3,1870
53,VSL,SPR,PE,LIGHT,4,2590
53,VSL,SPR,PE,LIGHT,5,3390
53,VSL,SPR,PE,LIGHT,6,3450
53,VSL,SPR,PE,LIGHT,7,3410
53,VSL,SPR,PE,LIGHT,8,3530
53,VSL,SPR,PE,LIGHT,9,3510
53,VSL,SPR,PE,LIGHT,10,2760
53,VSL,SPR,PE,LIGHT,11,1960
53,VSL,SPR,PE,LIGHT,12,3370
53,VSL,SPR,PE,DARK,13,3100
53,VSL,SPR,PE,DARK,14,3160
53,VSL,SPR,PE,DARK,15,3140
53,VSL,SPR,PE,DARK,16,2270
53,VSL,SPR,PE,DARK,17,2370
53,VSL,SPR,PE,DARK,18,1790
53,VSL,SPR,PE,DARK,19,1660
53,VSL,SPR,PE,DARK,20,2280
53,VSL,SPR,PE,DARK,21,2340
53,VSL,SPR,PE,DARK,22,1930
53,VSL,SPR,PE,DARK,23,2390
53,VSL,SPR,PE,DARK,24,2130
54,VSL,SPR,PE,LIGHT,1,730
54,VSL,SPR,PE,LIGHT,2,1150
54,VSL,SPR,PE,LIGHT,3,1590
54,VSL,SPR,PE,LIGHT,4,2810
54,VSL,SPR,PE,LIGHT,5,3080
54,VSL,SPR,PE,LIGHT,6,3080
54,VSL,SPR,PE,LIGHT,7,3410
54,VSL,SPR,PE,LIGHT,8,3130
54,VSL,SPR,PE,LIGHT,9,3130
54,VSL,SPR,PE,LIGHT,10,3300
54,VSL,SPR,PE,LIGHT,11,910
54,VSL,SPR,PE,LIGHT,12,3240
54,VSL,SPR,PE,DARK,13,1690
54,VSL,SPR,PE,DARK,14,2450
54,VSL,SPR,PE,DARK,15,1730
54,VSL,SPR,PE,DARK,16,800
54,VSL,SPR,PE,DARK,17,2990
54,VSL,SPR,PE,DARK,18,210
54,VSL,SPR,PE,DARK,19,1560
54,VSL,SPR,PE,DARK,20,1800
54,VSL,SPR,PE,DARK,21,2680
54,VSL,SPR,PE,DARK,22,1870
54,VSL,SPR,PE,DARK,23,100
54,VSL,SPR,PE,DARK,24,2090
55,VSL,SPR,PE,LIGHT,1,3470
55,VSL,SPR,PE,LIGHT,2,2610
55,VSL,SPR,PE,LIGHT,3,1860
55,VSL,SPR,PE,LIGHT,4,3560
55,VSL,SPR,PE,LIGHT,5,3600
55,VSL,SPR,PE,LIGHT,6,1180
55,VSL,SPR,PE,LIGHT,7,1360
55,VSL,SPR,PE,LIGHT,8,1200
55,VSL,SPR,PE,LIGHT,9,2200
55,VSL,SPR,PE,LIGHT,10,2860
55,VSL,SPR,PE,LIGHT,11,450
55,VSL,SPR,PE,LIGHT,12,200
55,VSL,SPR,PE,DARK,13,920
55,VSL,SPR,PE,DARK,14,3000
55,VSL,SPR,PE,DARK,15,280
55,VSL,SPR,PE,DARK,16,1790
55,VSL,SPR,PE,DARK,17,3530
55,VSL,SPR,PE,DARK,18,2400
55,VSL,SPR,PE,DARK,19,80
55,VSL,SPR,PE,DARK,20,2840
55,VSL,SPR,PE,DARK,21,2310
55,VSL,SPR,PE,DARK,22,3560
55,VSL,SPR,PE,DARK,23,3270
55,VSL,SPR,PE,DARK,24,3230
56,VSL,SPR,PE,LIGHT,1,2980
56,VSL,SPR,PE,LIGHT,2,2950
56,VSL,SPR,PE,LIGHT,3,3240
56,VSL,SPR,PE,LIGHT,4,3330
56,VSL,SPR,PE,LIGHT,5,2350
56,VSL,SPR,PE,LIGHT,6,3000
56,VSL,SPR,PE,LIGHT,7,3410
56,VSL,SPR,PE,LIGHT,8,2610
56,VSL,SPR,PE,LIGHT,9,2590
56,VSL,SPR,PE,LIGHT,10,3360
56,VSL,SPR,PE,LIGHT,11,1530
56,VSL,SPR,PE,LIGHT,12,1920
56,VSL,SPR,PE,DARK,13,1700
56,VSL,SPR,PE,DARK,14,1970
56,VSL,SPR,PE,DARK,15,840
56,VSL,SPR,PE,DARK,16,1640
56,VSL,SPR,PE,DARK,17,2680
56,VSL,SPR,PE,DARK,18,1190
56,VSL,SPR,PE,DARK,19,1170
56,VSL,SPR,PE,DARK,20,1660
56,VSL,SPR,PE,DARK,21,2150
56,VSL,SPR,PE,DARK,22,1560
56,VSL,SPR,PE,DARK,23,2380
56,VSL,SPR,PE,DARK,24,980
57,VSL,SPR,PE,LIGHT,1,2820
57,VSL,SPR,PE,LIGHT,2,2750
57,VSL,SPR,PE,LIGHT,3,3430
57,VSL,SPR,PE,LIGHT,4,3480
57,VSL,SPR,PE,LIGHT,5,3250
57,VSL,SPR,PE,LIGHT,6,1010
57,VSL,SPR,PE,LIGHT,7,940
57,VSL,SPR,PE,LIGHT,8,3240
57,VSL,SPR,PE,LIGHT,9,3110
57,VSL,SPR,PE,LIGHT,10,3300
57,VSL,SPR,PE,LIGHT,11,970
57,VSL,SPR,PE,LIGHT,12,1840
57,VSL,SPR,PE,DARK,13,3370
57,VSL,SPR,PE,DARK,14,2600
57,VSL,SPR,PE,DARK,15,2700
57,VSL,SPR,PE,DARK,16,780
57,VSL,SPR,PE,DARK,17,690
57,VSL,SPR,PE,DARK,18,2280
57,VSL,SPR,PE,DARK,19,850
57,VSL,SPR,PE,DARK,20,410
57,VSL,SPR,PE,DARK,21,2170
57,VSL,SPR,PE,DARK,22,1690
57,VSL,SPR,PE,DARK,23,1140
57,VSL,SPR,PE,DARK,24,3360
